{
  "formId": 0,
  "templateId": 101,
  "currentStage": null,
  "userRole": "Initiator",
  "isReadOnly": false,
  "fields": [
    {
      "name": "CIF",
      "type": "text",
      "label": "CIF Number",
      "required": true
    },
    {
      "name": "CustomerName",
      "type": "text",
      "label": "Customer Name",
      "readonly": true
    },
    {
      "name": "CustomerType",
      "type": "text",
      "label": "Customer Type",
      "readonly": true
    },
    {
      "name": "Amount",
      "type": "number",
      "label": "Requested Amount",
      "required": true
    },
    {
      "name": "Purpose",
      "type": "textarea",
      "label": "Purpose of Request"
    }
  ],
  "sections": [
    {
      "name": "FinancialSection",
      "label": "Financial Details",
      "visibleWhen": "Amount > 5000"
    },
    {
      "name": "PremiumSection",
      "label": "Premium Customer Info",
      "visibleWhen": "CustomerType == 'Gold'"
    }
  ],
  "actions": [
    {
      "label": "Submit",
      "visibleWhen": "userRole == 'Initiator' && currentStage == null"
    },
    {
      "label": "Approve",
      "visibleWhen": "userRole == 'Approver' && currentStage == 'PM Review'"
    },
    {
      "label": "Reject",
      "visibleWhen": "userRole == 'Approver' && currentStage != null"
    },
    {
      "label": "Send Back",
      "visibleWhen": "userRole == 'Approver'"
    },
    {
      "label": "Resubmit",
      "visibleWhen": "userRole == 'Initiator' && currentStage == 'SentBack'"
    }
  ]
}